,train_elbo,val_elbo
0,5337.02294921875,5283.9521484375
1,5229.810546875,5179.63916015625
2,5160.54296875,5127.8740234375
3,5126.1826171875,5099.5380859375
4,5105.75244140625,5079.00830078125
5,5091.9990234375,5068.9150390625
6,5081.78271484375,5059.4921875
7,5073.982421875,5052.36767578125
8,5067.67431640625,5048.5771484375
9,5062.28173828125,5044.76123046875
10,5057.8916015625,5040.2060546875
11,5053.9716796875,5036.9716796875
12,5050.45751953125,5032.12548828125
