,train_loss,val_loss
0,5093.63720703125,4976.23583984375
1,4970.546875,4944.10546875
2,4950.4794921875,4931.24560546875
3,4940.59130859375,4923.94091796875
4,4934.45068359375,4918.5107421875
5,4930.2734375,4915.0625
6,4927.10693359375,4912.89453125
7,4924.62646484375,4910.5947265625
8,4922.6552734375,4908.8232421875
9,4921.06396484375,4907.703125
10,4919.7333984375,4906.6337890625
11,4918.685546875,4905.9072265625
12,4917.73193359375,4904.833984375
