,train_recon_loss,val_recon_loss
0,5093.63720703125,4976.23583984375
1,4969.89501953125,4943.515625
2,4949.42236328125,4930.26025390625
3,4939.1875,4922.61181640625
4,4932.724609375,4916.89208984375
5,4928.22509765625,4913.11865234375
6,4924.7470703125,4910.66064453125
7,4921.9619140625,4908.0703125
8,4919.6953125,4905.97119140625
9,4917.80859375,4904.5498046875
10,4916.19287109375,4903.20703125
11,4914.86669921875,4902.20263671875
12,4913.63037109375,4900.900390625
