,n_obs,ASW_integrated,cLISI_unintegrated,cLISI_integrated,iLISI_unintegrated
0,10000,0.5107633258615222,0.9832238678285516,0.9798368611204977,0.1033594185608262
