,train_elbo,val_elbo
0,5365.7861328125,5308.14208984375
1,5249.56494140625,5200.24853515625
2,5176.26025390625,5141.0986328125
3,5139.41015625,5111.45849609375
4,5118.265625,5093.6396484375
5,5102.91455078125,5079.05615234375
6,5090.8232421875,5068.787109375
7,5080.59375,5058.8662109375
8,5071.4296875,5049.23388671875
9,5063.04833984375,5040.8583984375
10,5055.34375,5033.13232421875
11,5048.14599609375,5027.48681640625
12,5043.02734375,5022.8486328125
