,train_loss,val_loss
0,5175.13427734375,5037.662109375
1,5030.2060546875,4998.64306640625
2,5004.67578125,4981.10107421875
3,4992.0625,4971.73291015625
4,4984.48974609375,4966.02099609375
5,4979.3212890625,4961.61328125
6,4975.45556640625,4959.0390625
7,4972.40283203125,4955.2529296875
8,4970.00244140625,4953.2861328125
9,4968.15771484375,4951.51171875
10,4966.486328125,4950.2822265625
11,4964.87744140625,4949.4951171875
12,4963.73046875,4948.369140625
