,train_recon_loss,val_recon_loss
0,5175.13427734375,5037.662109375
1,5029.65625,4998.1357421875
2,5003.8076171875,4980.30029296875
3,4990.9443359375,4970.67529296875
4,4983.14501953125,4964.73828125
5,4977.76025390625,4960.1259765625
6,4973.69580078125,4957.36767578125
7,4970.4765625,4953.40625
8,4967.92919921875,4951.3251953125
9,4965.9765625,4949.458984375
10,4964.21337890625,4948.1591796875
11,4962.51708984375,4947.28759765625
12,4961.27685546875,4946.064453125
