,train_elbo,val_elbo
0,5340.107421875,5240.841796875
1,5218.9892578125,5185.80810546875
2,5189.6357421875,5157.23681640625
3,5164.34130859375,5134.11328125
4,5144.84228515625,5121.72021484375
5,5132.2919921875,5109.87646484375
6,5123.22900390625,5104.12890625
7,5115.90478515625,5097.12744140625
8,5109.681640625,5087.25146484375
9,5104.412109375,5083.75048828125
10,5099.54150390625,5079.6328125
11,5095.291015625,5075.984375
12,5091.51123046875,5071.46435546875
