,train_loss,val_loss
0,5132.2939453125,4999.66064453125
1,4996.11474609375,4966.09326171875
2,4977.28759765625,4954.53515625
3,4968.6875,4947.92333984375
4,4963.7197265625,4944.6142578125
5,4960.28955078125,4942.068359375
6,4957.85205078125,4939.5068359375
7,4956.04443359375,4937.71826171875
8,4954.5537109375,4936.416015625
9,4953.40478515625,4935.4482421875
10,4952.4755859375,4934.51220703125
11,4951.61962890625,4933.865234375
12,4950.94384765625,4933.48388671875
