,train_recon_loss,val_recon_loss
0,5132.2939453125,4999.66064453125
1,4995.54931640625,4965.54150390625
2,4976.21435546875,4953.51708984375
3,4967.21728515625,4946.5234375
4,4961.888671875,4942.82275390625
5,4958.103515625,4939.9482421875
6,4955.3310546875,4936.99853515625
7,4953.19921875,4934.8818359375
8,4951.3818359375,4933.3369140625
9,4949.9375,4932.03955078125
10,4948.70263671875,4930.7919921875
11,4947.5576171875,4929.84619140625
12,4946.5947265625,4929.21435546875
