,train_elbo,val_elbo
0,955.01416015625,1006.57763671875
1,923.73388671875,883.78369140625
2,851.3392944335938,826.774169921875
3,816.7841186523438,800.5828857421875
4,798.3353271484375,785.0757446289062
5,787.6167602539062,777.1599731445312
6,780.446533203125,770.79150390625
7,775.12353515625,766.4325561523438
8,770.8311767578125,762.1399536132812
9,767.2694091796875,757.7392578125
10,764.1182861328125,756.5136108398438
11,761.2686767578125,752.953857421875
12,758.7361450195312,750.94140625
