,train_loss,val_loss
0,673.0977783203125,644.59619140625
1,645.5582885742188,637.3621826171875
2,641.05078125,634.6080322265625
3,638.8660278320312,632.7662963867188
4,637.4915771484375,631.9290161132812
5,636.5744018554688,631.298583984375
6,635.945556640625,630.7352905273438
7,635.4921875,630.628662109375
8,635.1571044921875,630.3301391601562
9,634.9390869140625,630.2333374023438
10,634.7969970703125,630.0010986328125
11,634.662109375,629.9482421875
12,634.6233520507812,630.1494140625
