,train_elbo,val_elbo
0,3546.97265625,3929.09033203125
1,3200.62255859375,3067.181396484375
2,2960.5537109375,2934.77880859375
3,2894.384765625,2880.225341796875
4,2861.551025390625,2855.015625
5,2841.588134765625,2839.98681640625
6,2825.273193359375,2827.4619140625
7,2813.65234375,2816.556884765625
8,2804.97216796875,2814.85595703125
9,2797.9404296875,2807.62890625
10,2792.188720703125,2802.2255859375
11,2787.4453125,2796.328125
12,2783.380126953125,2795.5546875
