,train_loss,val_loss
0,2728.39013671875,2675.244873046875
1,2670.34130859375,2659.9482421875
2,2656.975830078125,2654.2666015625
3,2649.4384765625,2650.4208984375
4,2644.465087890625,2647.489013671875
5,2641.137451171875,2646.487548828125
6,2638.1357421875,2645.49658203125
7,2635.853515625,2644.9697265625
8,2634.104736328125,2644.8056640625
9,2632.6015625,2644.4677734375
10,2631.32373046875,2644.29296875
11,2630.3193359375,2644.21435546875
12,2629.432861328125,2644.7958984375
