,train_elbo,val_elbo
0,3005.091064453125,2965.62841796875
1,2947.6298828125,2922.6923828125
2,2908.060791015625,2883.39794921875
3,2881.684814453125,2861.611328125
4,2868.12255859375,2854.5537109375
5,2858.60986328125,2843.878173828125
6,2850.959716796875,2839.95166015625
7,2844.5166015625,2833.3291015625
8,2839.315673828125,2827.173583984375
9,2834.423095703125,2822.240234375
10,2830.516357421875,2819.31396484375
11,2826.802978515625,2816.810302734375
12,2823.560791015625,2813.7216796875
