,train_loss,val_loss
0,2777.442626953125,2708.907470703125
1,2710.291015625,2692.578125
2,2699.654541015625,2686.18408203125
3,2694.697509765625,2682.8271484375
4,2691.64111328125,2680.436279296875
5,2689.6328125,2679.0078125
6,2688.190185546875,2678.492431640625
7,2687.0966796875,2677.367431640625
8,2686.29931640625,2676.70703125
9,2685.592529296875,2676.112060546875
10,2685.1044921875,2675.633056640625
11,2684.677978515625,2675.7138671875
12,2684.3544921875,2675.481689453125
