,terminal_states_found,correct_terminal_states
0,0.18181818181818182,0.8181818181818182
