,train_elbo,val_elbo
0,5308.1328125,5225.7509765625
1,5202.013671875,5171.11328125
2,5163.1240234375,5137.55126953125
3,5132.0244140625,5111.41796875
4,5114.6728515625,5096.45458984375
5,5103.73095703125,5087.123046875
6,5094.8740234375,5080.6376953125
7,5087.896484375,5071.8798828125
8,5081.7421875,5067.35595703125
9,5076.6796875,5064.177734375
10,5071.849609375,5059.4599609375
11,5067.8359375,5054.806640625
12,5064.21923828125,5048.09619140625
