,train_loss,val_loss
0,5076.8017578125,4965.15478515625
1,4960.24853515625,4936.7626953125
2,4943.54833984375,4925.3115234375
3,4935.74755859375,4920.3330078125
4,4931.02294921875,4917.427734375
5,4927.814453125,4915.11279296875
6,4925.421875,4913.10986328125
7,4923.65283203125,4911.8466796875
8,4922.2451171875,4910.740234375
9,4921.1787109375,4909.75244140625
10,4920.15087890625,4909.44189453125
11,4919.42236328125,4909.05810546875
12,4918.72412109375,4908.66455078125
