,train_recon_loss,val_recon_loss
0,5076.8017578125,4965.15478515625
1,4959.6376953125,4936.1767578125
2,4942.44091796875,4924.2509765625
3,4934.251953125,4918.88623046875
4,4929.1689453125,4915.62060546875
5,4925.58642578125,4912.9306640625
6,4922.8466796875,4910.56201171875
7,4920.73486328125,4908.99951171875
8,4918.974609375,4907.5439453125
9,4917.6005859375,4906.197265625
10,4916.26220703125,4905.595703125
11,4915.2255859375,4904.935546875
12,4914.21630859375,4904.34619140625
