,n_obs,ASW_integrated,cLISI_unintegrated,cLISI_integrated,iLISI_unintegrated
0,10000,0.4852599703839847,0.9832238678285516,0.9786365529400595,0.1033594185608262
