,train_elbo,val_elbo
0,5850.83544921875,6094.0546875
1,5489.04541015625,5342.4716796875
2,5222.62841796875,5171.55859375
3,5141.4970703125,5133.7744140625
4,5103.13525390625,5099.36865234375
5,5077.6865234375,5075.27587890625
6,5059.5615234375,5068.21875
7,5046.4248046875,5052.701171875
8,5036.07861328125,5045.7294921875
9,5027.96044921875,5040.91357421875
10,5021.17822265625,5038.32666015625
11,5015.49755859375,5030.2607421875
12,5010.806640625,5030.56201171875
