,train_loss,val_loss
0,5016.458984375,4925.64306640625
1,4912.52099609375,4898.1845703125
2,4892.51025390625,4886.9326171875
3,4881.5107421875,4883.1884765625
4,4874.22119140625,4878.68359375
5,4868.81884765625,4876.009765625
6,4864.63720703125,4874.99755859375
7,4861.34765625,4874.4482421875
8,4858.6318359375,4873.9873046875
9,4856.32275390625,4872.60791015625
10,4854.36767578125,4872.62890625
11,4852.57470703125,4871.955078125
12,4851.1259765625,4872.27880859375
