,train_recon_loss,val_recon_loss
0,5016.458984375,4925.64306640625
1,4911.07373046875,4897.07177734375
2,4890.86279296875,4885.50537109375
3,4879.54541015625,4881.2958984375
4,4871.90576171875,4876.45654296875
5,4866.1728515625,4873.48291015625
6,4861.6708984375,4872.05517578125
7,4858.056640625,4871.26953125
8,4855.00830078125,4870.48681640625
9,4852.3720703125,4868.73486328125
10,4850.08642578125,4868.3818359375
11,4847.97216796875,4867.47998046875
12,4846.1806640625,4867.390625
