,n_obs,hgv_overlap,pcr_unintegrated,pcr_integrated,traject_conversation,graph_connectivity_unintegrated,graph_connectivity_integrated,silhouette_unintegrated,silhouette_integrated,silhouette_batch_unintegrated,silhouette_batch_integrated,ASW_unintegrated,iLISI_integrated,iso_labels_unintegrated
0,1000000,0.6219729729729732,0.13744553358656775,0.05036909463619696,0.7461777319571588,0.7936146263353014,0.35766331753542796,0.35401460788537026,0.37650737166404724,0.6524798184171695,0.6598799686384491,0.5,0.10119145587553355,4.451071595486613e-05
