,n_obs,ASW_integrated,cLISI_unintegrated,cLISI_integrated,iLISI_unintegrated
0,1000000,0.5,0.9952250079022446,0.9835847948600113,0.08005457418848996
