,train_elbo,val_elbo
0,213050.4375,4950.4453125
1,3153.51904296875,3034.78759765625
2,2942.9091796875,2887.032958984375
3,2858.638427734375,2839.21337890625
4,2824.540283203125,2801.504150390625
5,2790.556884765625,2780.0390625
6,2771.56689453125,2765.52001953125
7,2760.810302734375,2755.165283203125
8,2751.15283203125,2748.47607421875
9,2740.813232421875,2742.671142578125
10,2733.641357421875,2742.609130859375
11,2731.01708984375,2732.673583984375
12,2721.95751953125,2728.576171875
