,train_loss,val_loss
0,2813.623291015625,2734.274658203125
1,2723.974853515625,2704.36572265625
2,2699.86181640625,2685.510498046875
3,2685.053466796875,2681.148681640625
4,2676.453857421875,2670.678466796875
5,2668.318359375,2665.747314453125
6,2662.345458984375,2662.294921875
7,2658.115234375,2658.8359375
8,2654.483642578125,2657.03515625
9,2650.650146484375,2655.34423828125
10,2647.678955078125,2659.826416015625
11,2646.671875,2653.112060546875
12,2643.0185546875,2651.883056640625
