,train_recon_loss,val_recon_loss
0,2813.623291015625,2734.274658203125
1,2722.902587890625,2703.53759765625
2,2698.639404296875,2684.499267578125
3,2683.745849609375,2679.955322265625
4,2674.9482421875,2669.356201171875
5,2666.7734375,2664.301025390625
6,2660.68603515625,2660.72216796875
7,2656.2890625,2657.120849609375
8,2652.5146484375,2655.16845703125
9,2648.570556640625,2653.3349609375
10,2645.47509765625,2657.701904296875
11,2644.28515625,2650.8623046875
12,2640.576171875,2649.51220703125
