,train_loss,val_loss
0,686.9447021484375,656.0563354492188
1,653.1846923828125,644.8480224609375
2,645.4058227539062,639.9327392578125
3,641.26171875,637.1069946289062
4,638.460693359375,634.6983642578125
5,636.3756713867188,633.239013671875
6,634.6969604492188,631.78857421875
7,633.35791015625,630.8848266601562
8,632.28662109375,630.0679931640625
9,631.421875,629.4371948242188
10,630.6192626953125,629.1657104492188
11,629.9967651367188,628.5590209960938
12,629.4752807617188,628.2315063476562
