,train_elbo,val_elbo
0,42841.078125,7012.6435546875
1,5439.65771484375,5288.0732421875
2,5224.05078125,5164.70263671875
3,5132.93994140625,5131.73291015625
4,5084.0771484375,5070.56298828125
5,5056.91259765625,5047.16845703125
6,5036.9404296875,5045.54736328125
7,5023.0634765625,5023.5478515625
8,5012.89599609375,5018.876953125
9,5005.2255859375,5015.423828125
10,4998.34228515625,5010.8193359375
11,4993.39501953125,5007.30419921875
12,4988.138671875,5004.49755859375
