,train_loss,val_loss
0,5087.26123046875,4957.24853515625
1,4936.859375,4907.45654296875
2,4902.421875,4888.54052734375
3,4884.6591796875,4880.0126953125
4,4873.5791015625,4873.63671875
5,4865.830078125,4869.30908203125
6,4859.89697265625,4868.3291015625
7,4855.076171875,4865.009765625
8,4851.22607421875,4863.63232421875
9,4848.16845703125,4863.158203125
10,4845.22119140625,4862.7109375
11,4842.978515625,4862.234375
12,4840.83544921875,4861.9921875
