,train_recon_loss,val_recon_loss
0,5087.26123046875,4957.24853515625
1,4935.611328125,4906.50341796875
2,4900.8046875,4887.15478515625
3,4882.783203125,4878.11083984375
4,4871.455078125,4871.6484375
5,4863.40087890625,4867.05517578125
6,4857.197265625,4865.63134765625
7,4852.08251953125,4862.18798828125
8,4847.9326171875,4860.46142578125
9,4844.541015625,4859.6533203125
10,4841.296875,4858.912109375
11,4838.720703125,4858.1328125
12,4836.2744140625,4857.58154296875
