,train_elbo,val_elbo
0,3037.690673828125,3071.53466796875
1,2960.6123046875,2910.63720703125
2,2887.8154296875,2859.681884765625
3,2855.078857421875,2833.47900390625
4,2835.457275390625,2817.99658203125
5,2819.98828125,2803.54736328125
6,2807.427490234375,2790.2919921875
7,2795.93310546875,2780.74267578125
8,2786.351806640625,2770.794921875
9,2778.755859375,2765.492431640625
10,2773.26416015625,2760.880859375
11,2768.875,2757.783935546875
12,2765.391845703125,2754.45556640625
