,train_loss,val_loss
0,2808.374755859375,2737.039306640625
1,2734.55908203125,2714.1005859375
2,2719.429931640625,2704.5087890625
3,2711.81884765625,2699.01416015625
4,2706.87158203125,2695.70458984375
5,2703.394775390625,2692.22412109375
6,2700.79638671875,2689.884521484375
7,2698.63720703125,2688.59716796875
8,2696.920166015625,2687.1162109375
9,2695.427978515625,2685.736572265625
10,2694.283447265625,2685.07080078125
11,2693.25146484375,2684.22900390625
12,2692.313720703125,2683.49658203125
