,n_obs,ASW_integrated,cLISI_unintegrated,cLISI_integrated,iLISI_unintegrated
0,100000,0.5,0.9915283072679378,0.9835095476748719,0.0906081951825459
