,train_elbo,val_elbo
0,3154.11279296875,3217.59765625
1,3048.696533203125,2986.6748046875
2,2926.944580078125,2890.12255859375
3,2868.7392578125,2847.88134765625
4,2838.605712890625,2823.4208984375
5,2819.533203125,2809.816650390625
6,2807.227783203125,2801.42919921875
7,2798.766357421875,2794.359619140625
8,2792.522705078125,2790.013427734375
9,2787.6552734375,2786.038330078125
10,2783.48828125,2783.1923828125
11,2779.92822265625,2779.764892578125
12,2776.63671875,2777.33447265625
