,train_loss,val_loss
0,2746.832275390625,2684.435302734375
1,2678.4658203125,2663.14892578125
2,2664.115478515625,2655.4013671875
3,2656.7841796875,2651.02001953125
4,2652.1416015625,2648.696533203125
5,2648.590087890625,2646.879150390625
6,2645.973388671875,2645.680419921875
7,2643.97802734375,2644.273681640625
8,2642.32275390625,2644.11083984375
9,2641.068359375,2643.2578125
10,2639.985595703125,2642.707763671875
11,2639.109375,2642.580078125
12,2638.29052734375,2642.39453125
