,n_obs,hgv_overlap,pcr_unintegrated,pcr_integrated,traject_conversation,graph_connectivity_unintegrated,graph_connectivity_integrated,silhouette_unintegrated,silhouette_integrated,silhouette_batch_unintegrated,silhouette_batch_integrated,ASW_unintegrated,iLISI_integrated,iso_labels_unintegrated
0,100000,0.5212845660031289,0.12116894860235992,0.07960523379941614,0.8506678664882753,0.6813737937118542,0.40719253406991424,0.3408406595052692,0.4009231701493263,0.6655240725473073,0.732211233870398,0.5,0.10524358925092174,0.003433851886878586
