,train_elbo,val_elbo
0,5457.8828125,5504.04638671875
1,5310.0439453125,5238.4423828125
2,5181.14892578125,5145.00390625
3,5116.33349609375,5090.77880859375
4,5080.03515625,5063.67138671875
5,5057.3740234375,5047.91796875
6,5042.51171875,5035.732421875
7,5032.32080078125,5027.93505859375
8,5024.63818359375,5023.25146484375
9,5018.52587890625,5018.5400390625
10,5013.5712890625,5014.6396484375
11,5009.236328125,5012.23486328125
12,5005.4306640625,5008.85205078125
