,train_loss,val_loss
0,5039.57763671875,4937.25830078125
1,4925.029296875,4903.85107421875
2,4902.6025390625,4894.7607421875
3,4891.20654296875,4884.47607421875
4,4883.86767578125,4879.7919921875
5,4878.65283203125,4876.8056640625
6,4874.6142578125,4874.572265625
7,4871.5380859375,4872.810546875
8,4869.0029296875,4871.8583984375
9,4866.88916015625,4871.19677734375
10,4865.197265625,4869.95703125
11,4863.70703125,4870.42041015625
12,4862.45458984375,4869.1533203125
