,train_recon_loss,val_recon_loss
0,5039.57763671875,4937.25830078125
1,4924.0673828125,4903.01513671875
2,4901.2109375,4893.50439453125
3,4889.50341796875,4882.9140625
4,4881.880859375,4877.93359375
5,4876.3798828125,4874.642578125
6,4872.05712890625,4872.1220703125
7,4868.67041015625,4870.0478515625
8,4865.84228515625,4868.76904296875
9,4863.39892578125,4867.8046875
10,4861.3984375,4866.24267578125
11,4859.5859375,4866.41064453125
12,4858.021484375,4864.83154296875
