,train_elbo,val_elbo
0,3014.59912109375,2965.560546875
1,2957.327392578125,2932.095458984375
2,2932.38427734375,2908.060791015625
3,2906.177978515625,2883.93798828125
4,2888.34716796875,2868.042236328125
5,2877.89404296875,2858.86328125
6,2870.170166015625,2850.400146484375
7,2863.876220703125,2846.568115234375
8,2858.4658203125,2840.613037109375
9,2853.9228515625,2834.685302734375
10,2849.906005859375,2833.572021484375
11,2846.237060546875,2828.38427734375
12,2842.8994140625,2825.579833984375
