,n_obs,hgv_overlap,pcr_unintegrated,pcr_integrated,traject_conversation,graph_connectivity_unintegrated,graph_connectivity_integrated,silhouette_unintegrated,silhouette_integrated,silhouette_batch_unintegrated,silhouette_batch_integrated,ASW_unintegrated,iLISI_integrated,iso_labels_unintegrated
0,1000000,0.6393783783783784,0.1196640379594606,0.06755558882272913,0.8014057289528685,0.7936146263353014,0.40832545312675816,0.35401460788537026,0.42818402498960495,0.6524798184171695,0.7426787917244897,0.5,0.10416577815177325,4.451071595486613e-05
