,n_obs,ASW_integrated,cLISI_unintegrated,cLISI_integrated,iLISI_unintegrated
0,500000,0.6132531948387623,0.9943914939366039,0.9849712486132691,0.08295611012638769
