,train_elbo,val_elbo
0,5350.34619140625,5329.6923828125
1,5248.431640625,5191.67333984375
2,5160.5166015625,5127.064453125
3,5115.544921875,5088.71728515625
4,5088.96044921875,5069.9931640625
5,5071.33154296875,5054.8857421875
6,5059.25146484375,5044.189453125
7,5050.240234375,5036.462890625
8,5043.32470703125,5030.5693359375
9,5037.8408203125,5027.29541015625
10,5033.0888671875,5024.90771484375
11,5029.1474609375,5019.98779296875
12,5025.62060546875,5016.72265625
