,train_loss,val_loss
0,5056.41259765625,4951.71337890625
1,4942.35595703125,4918.6826171875
2,4922.05517578125,4906.24560546875
3,4911.7763671875,4899.07470703125
4,4905.3359375,4895.24609375
5,4900.82861328125,4891.97705078125
6,4897.52392578125,4889.43505859375
7,4894.92529296875,4887.453125
8,4892.87451171875,4885.81494140625
9,4891.23193359375,4885.02099609375
10,4889.8466796875,4884.3232421875
11,4888.68603515625,4883.38671875
12,4887.68408203125,4883.13232421875
