,train_recon_loss,val_recon_loss
0,5056.41259765625,4951.71337890625
1,4941.58544921875,4918.00146484375
2,4920.8544921875,4905.1318359375
3,4910.23779296875,4897.64306640625
4,4903.4775390625,4893.4814453125
5,4898.67626953125,4889.9150390625
6,4895.0615234375,4887.078125
7,4892.1640625,4884.79248046875
8,4889.7958984375,4882.85888671875
9,4887.85986328125,4881.7490234375
10,4886.16943359375,4880.71435546875
11,4884.71484375,4879.52001953125
12,4883.42236328125,4879.0
