,train_elbo,val_elbo
0,396367168.0,6739.68896484375
1,5468.88623046875,5322.5517578125
2,5213.2216796875,5147.49609375
3,5142.40380859375,5086.6337890625
4,5086.6884765625,5046.673828125
5,5058.171875,5119.95263671875
6,5035.39208984375,5012.08544921875
7,5016.830078125,5216.9921875
8,4999.61962890625,4991.1787109375
9,4978.24853515625,4977.9140625
10,4966.19970703125,4976.80615234375
11,4960.353515625,4966.88427734375
12,4953.7490234375,4962.619140625
