,train_loss,val_loss
0,5159.8935546875,5015.24560546875
1,4991.84912109375,4955.2578125
2,4950.1591796875,4931.5439453125
3,4928.17919921875,4916.82470703125
4,4915.6064453125,4906.6865234375
5,4907.71142578125,4911.17138671875
6,4898.11865234375,4896.099609375
7,4892.2353515625,4975.1982421875
8,4888.1552734375,4890.7158203125
9,4881.439453125,4887.91162109375
10,4876.6396484375,4889.5029296875
11,4873.51318359375,4884.6611328125
12,4870.22314453125,4882.27734375
