,train_recon_loss,val_recon_loss
0,5159.8935546875,5015.24560546875
1,4990.66357421875,4954.33837890625
2,4948.83544921875,4930.4599609375
3,4926.5693359375,4915.54296875
4,4913.86669921875,4905.27392578125
5,4905.80126953125,4908.52880859375
6,4896.02978515625,4894.33203125
7,4890.0283203125,4970.8935546875
8,4885.87939453125,4888.66552734375
9,4879.2109375,4885.83740234375
10,4874.34228515625,4887.26611328125
11,4871.05859375,4882.33935546875
12,4867.638671875,4879.79248046875
