,train_loss,val_loss
0,703.955078125,669.1439819335938
1,661.63916015625,651.3946533203125
2,649.037353515625,643.0474243164062
3,641.7301635742188,637.2933349609375
4,636.8906860351562,633.9140625
5,633.607666015625,631.569580078125
6,630.992431640625,632.35595703125
7,629.7005004882812,628.4208374023438
8,627.3417358398438,628.3563842773438
9,626.7603759765625,626.8057250976562
10,624.845947265625,625.9507446289062
11,623.6629638671875,625.3563232421875
12,622.7103881835938,624.9635620117188
