,train_elbo,val_elbo
0,3023.336669921875,3006.865966796875
1,2960.08642578125,2924.070068359375
2,2898.516357421875,2882.966552734375
3,2872.879638671875,2862.133544921875
4,2858.412109375,2845.32373046875
5,2846.738525390625,2834.355712890625
6,2837.911865234375,2826.547119140625
7,2830.538818359375,2820.291015625
8,2824.65673828125,2817.51123046875
9,2819.464111328125,2812.25146484375
10,2815.125244140625,2809.713623046875
11,2811.3154296875,2806.3271484375
12,2807.9814453125,2802.9990234375
