,train_loss,val_loss
0,2751.7255859375,2692.486083984375
1,2691.552978515625,2677.23828125
2,2680.966552734375,2671.02685546875
3,2675.61865234375,2667.883544921875
4,2672.386962890625,2665.564208984375
5,2670.108642578125,2664.3330078125
6,2668.48291015625,2663.669189453125
7,2667.23388671875,2662.876708984375
8,2666.28662109375,2661.9287109375
9,2665.475341796875,2661.63232421875
10,2664.8486328125,2661.4833984375
11,2664.337158203125,2661.31640625
12,2663.940673828125,2661.0322265625
