,train_recon_loss,val_recon_loss
0,2751.7255859375,2692.486083984375
1,2690.87890625,2676.619140625
2,2679.87109375,2669.96044921875
3,2674.128173828125,2666.41796875
4,2670.511962890625,2663.748046875
5,2667.868896484375,2662.179443359375
6,2665.9013671875,2661.189208984375
7,2664.326904296875,2660.07421875
8,2663.054931640625,2658.753662109375
9,2661.934814453125,2658.16552734375
10,2660.994873046875,2657.681640625
11,2660.17822265625,2657.217041015625
12,2659.48486328125,2656.642578125
