,train_elbo,val_elbo
0,3031.875,3025.4677734375
1,2970.892822265625,2925.76513671875
2,2907.904541015625,2877.67431640625
3,2875.967529296875,2852.5791015625
4,2858.15234375,2837.11669921875
5,2846.28759765625,2827.716064453125
6,2837.829833984375,2820.056884765625
7,2831.2919921875,2814.8828125
8,2825.983642578125,2807.998046875
9,2821.544189453125,2804.494384765625
10,2817.820556640625,2802.445068359375
11,2814.362548828125,2797.949462890625
12,2811.29248046875,2795.631103515625
