,train_loss,val_loss
0,2734.898193359375,2683.0986328125
1,2678.29736328125,2666.616455078125
2,2667.000244140625,2660.3837890625
3,2660.87548828125,2657.45654296875
4,2657.021728515625,2655.55615234375
5,2654.2548828125,2654.0244140625
6,2652.177490234375,2652.461181640625
7,2650.55615234375,2652.308837890625
8,2649.303466796875,2651.659423828125
9,2648.234375,2651.34765625
10,2647.43603515625,2651.088623046875
11,2646.739990234375,2650.907470703125
12,2646.1376953125,2650.639404296875
