,train_elbo,val_elbo
0,898.0078735351562,893.7347412109375
1,877.0269775390625,858.5673828125
2,841.240966796875,827.4480590820312
3,822.697021484375,810.84375
4,811.9492797851562,801.8538818359375
5,803.836669921875,796.521240234375
6,797.2982177734375,787.8546142578125
7,792.070556640625,783.50146484375
8,787.6843872070312,777.562744140625
9,783.7807006835938,775.667724609375
10,780.3104248046875,773.2017822265625
11,777.328125,770.6206665039062
12,774.5512084960938,767.404296875
