,n_obs,ASW_integrated,cLISI_unintegrated,cLISI_integrated,iLISI_unintegrated
0,500000,0.42781427304726094,0.9943914939366039,0.9856617869625082,0.08295611012638769
