,train_elbo,val_elbo
0,3057.2890625,3075.442138671875
1,2989.881103515625,2940.224365234375
2,2909.96923828125,2876.52392578125
3,2869.966796875,2847.041259765625
4,2845.822021484375,2828.794677734375
5,2830.739013671875,2816.225830078125
6,2820.70654296875,2807.876220703125
7,2813.378173828125,2802.29931640625
8,2807.772705078125,2797.380615234375
9,2803.109375,2792.82275390625
10,2799.115966796875,2789.023193359375
11,2795.56103515625,2786.02978515625
12,2792.42041015625,2783.8203125
