,train_loss,val_loss
0,2762.815185546875,2698.314208984375
1,2695.30419921875,2677.593017578125
2,2681.587158203125,2669.1484375
3,2674.655029296875,2664.7119140625
4,2670.374755859375,2661.642333984375
5,2667.39306640625,2659.319580078125
6,2665.232421875,2657.783935546875
7,2663.591064453125,2656.895751953125
8,2662.30615234375,2656.5537109375
9,2661.26171875,2655.385009765625
10,2660.4267578125,2654.945556640625
11,2659.747802734375,2654.623779296875
12,2659.189697265625,2654.291748046875
