,train_elbo,val_elbo
0,5434.30859375,5451.3212890625
1,5284.86376953125,5202.73681640625
2,5163.8310546875,5144.1396484375
3,5121.3974609375,5112.1572265625
4,5097.01904296875,5093.8955078125
5,5079.56787109375,5073.2861328125
6,5066.10107421875,5067.4287109375
7,5055.91552734375,5054.0732421875
8,5047.74853515625,5048.3076171875
9,5041.1865234375,5045.767578125
10,5035.43017578125,5040.47705078125
11,5030.6025390625,5042.41796875
12,5026.58984375,5031.427734375
