,train_loss,val_loss
0,5023.6630859375,4929.4482421875
1,4921.22216796875,4905.806640625
2,4903.94140625,4896.013671875
3,4894.96826171875,4889.6572265625
4,4889.068359375,4887.83203125
5,4884.85498046875,4884.30615234375
6,4881.61962890625,4883.7451171875
7,4879.16552734375,4881.22802734375
8,4877.1708984375,4881.12646484375
9,4875.51806640625,4880.78125
10,4874.0576171875,4879.7705078125
11,4872.84130859375,4880.41552734375
12,4871.912109375,4879.1162109375
