,train_recon_loss,val_recon_loss
0,5023.6630859375,4929.4482421875
1,4920.3056640625,4905.0615234375
2,4902.626953125,4894.76904296875
3,4893.25,4887.97705078125
4,4886.9736328125,4885.75244140625
5,4882.40185546875,4881.9130859375
6,4878.81201171875,4880.9462890625
7,4876.01611328125,4878.15576171875
8,4873.6953125,4877.71484375
9,4871.71435546875,4876.9853515625
10,4869.91748046875,4875.6533203125
11,4868.39111328125,4875.83544921875
12,4867.14013671875,4874.408203125
