,terminal_states_found,correct_terminal_states
0,0.23076923076923078,0.46153846153846156
