,train_elbo,val_elbo
0,5355.828125,5273.2568359375
1,5238.9306640625,5188.71044921875
2,5183.64599609375,5155.14892578125
3,5153.48193359375,5127.3232421875
4,5135.26171875,5106.2177734375
5,5122.021484375,5094.13525390625
6,5112.60791015625,5087.39208984375
7,5105.12158203125,5079.359375
8,5098.7333984375,5073.755859375
9,5093.57470703125,5068.10888671875
10,5088.94287109375,5065.01318359375
11,5084.5927734375,5060.05029296875
12,5080.98486328125,5058.42138671875
