,train_loss,val_loss
0,5144.88623046875,5010.1748046875
1,5005.6533203125,4975.646484375
2,4984.88671875,4962.72119140625
3,4975.255859375,4955.30615234375
4,4969.42138671875,4950.36865234375
5,4965.46435546875,4947.5595703125
6,4962.640625,4944.169921875
7,4960.4619140625,4942.44287109375
8,4958.716796875,4940.822265625
9,4957.4326171875,4939.619140625
10,4956.3271484375,4938.17431640625
11,4955.3740234375,4938.275390625
12,4954.68994140625,4937.365234375
