,train_recon_loss,val_recon_loss
0,5144.88623046875,5010.1748046875
1,5005.0634765625,4975.1083984375
2,4983.88525390625,4961.75390625
3,4973.9033203125,4954.00390625
4,4967.75927734375,4948.7998046875
5,4963.48095703125,4945.7099609375
6,4960.35400390625,4941.9931640625
7,4957.87939453125,4940.0068359375
8,4955.86474609375,4938.109375
9,4954.29931640625,4936.6650390625
10,4952.9345703125,4934.91943359375
11,4951.72265625,4934.8349609375
12,4950.783203125,4933.62158203125
