,train_elbo,val_elbo
0,3100.6396484375,3165.1240234375
1,2986.508056640625,2926.92578125
2,2887.05908203125,2858.89013671875
3,2844.934814453125,2824.986572265625
4,2819.818603515625,2803.07421875
5,2802.276611328125,2788.21728515625
6,2788.781005859375,2777.342041015625
7,2777.914306640625,2766.9375
8,2768.80615234375,2758.57763671875
9,2760.350341796875,2751.2373046875
10,2754.239501953125,2746.6923828125
11,2749.425048828125,2742.093017578125
12,2745.54541015625,2739.595703125
