,train_loss,val_loss
0,2786.5830078125,2720.8359375
1,2716.466064453125,2698.31591796875
2,2700.509521484375,2688.111083984375
3,2692.03076171875,2681.592529296875
4,2686.3720703125,2677.6708984375
5,2682.489013671875,2674.9365234375
6,2679.51416015625,2672.78955078125
7,2677.156494140625,2670.90185546875
8,2675.232666015625,2669.573486328125
9,2673.498779296875,2668.641357421875
10,2672.088134765625,2667.196533203125
11,2670.8388671875,2666.515625
12,2669.855712890625,2665.5869140625
