,terminal_states_found,correct_terminal_states
0,0.5454545454545454,0.9090909090909091
