,train_elbo,val_elbo
0,5631.98486328125,5891.13037109375
1,5351.517578125,5252.08203125
2,5166.041015625,5124.19384765625
3,5095.70849609375,5074.724609375
4,5056.8134765625,5039.93603515625
5,5032.58544921875,5018.8701171875
6,5015.13330078125,5004.92822265625
7,5001.4130859375,4995.72705078125
8,4990.3046875,4984.81005859375
9,4981.28564453125,4978.92529296875
10,4974.93701171875,4974.9326171875
11,4968.3330078125,4968.3076171875
12,4962.5439453125,4964.80224609375
