,train_loss,val_loss
0,5078.36572265625,4969.85595703125
1,4959.50048828125,4936.38427734375
2,4934.61669921875,4920.2177734375
3,4920.5703125,4912.400390625
4,4911.09619140625,4903.48681640625
5,4903.81884765625,4898.779296875
6,4898.28857421875,4895.24365234375
7,4893.69775390625,4892.6533203125
8,4889.9248046875,4889.779296875
9,4886.662109375,4887.83837890625
10,4884.18896484375,4886.18212890625
11,4881.55224609375,4884.57080078125
12,4879.43994140625,4884.63671875
