,train_recon_loss,val_recon_loss
0,5078.36572265625,4969.85595703125
1,4958.52734375,4935.59228515625
2,4933.451171875,4919.19140625
3,4919.24560546875,4911.1728515625
4,4909.6181640625,4902.1123046875
5,4902.193359375,4897.2587890625
6,4896.51708984375,4893.580078125
7,4891.77734375,4890.8193359375
8,4887.87548828125,4887.84375
9,4884.486328125,4885.7353515625
10,4881.86376953125,4883.9052734375
11,4879.09765625,4882.20849609375
12,4876.87353515625,4882.15576171875
