,train_elbo,val_elbo
0,5352.8486328125,5335.35986328125
1,5239.73876953125,5188.91943359375
2,5153.87255859375,5123.57275390625
3,5113.0234375,5089.39013671875
4,5090.0810546875,5069.36767578125
5,5074.05908203125,5053.76416015625
6,5061.54052734375,5042.97119140625
7,5050.66064453125,5033.30810546875
8,5040.6552734375,5022.08642578125
9,5031.10791015625,5014.03173828125
10,5022.89501953125,5007.40576171875
11,5016.1484375,5001.283203125
12,5011.228515625,4996.19677734375
