,train_loss,val_loss
0,5118.9521484375,5001.275390625
1,4992.45947265625,4968.8232421875
2,4969.837890625,4950.62890625
3,4958.1787109375,4941.87841796875
4,4950.6826171875,4935.75439453125
5,4945.5185546875,4931.81396484375
6,4941.57177734375,4928.90576171875
7,4938.310546875,4925.54345703125
8,4935.734375,4923.095703125
9,4933.451171875,4921.4755859375
10,4931.59521484375,4920.6357421875
11,4929.87060546875,4918.94189453125
12,4928.59326171875,4917.3916015625
