,train_recon_loss,val_recon_loss
0,5118.9521484375,5001.275390625
1,4991.83251953125,4968.2734375
2,4968.90869140625,4949.75732421875
3,4957.01025390625,4940.767578125
4,4949.26611328125,4934.40234375
5,4943.87744140625,4930.27099609375
6,4939.74267578125,4927.16748046875
7,4936.30712890625,4923.62451171875
8,4933.59033203125,4921.0751953125
9,4931.205078125,4919.34619140625
10,4929.2548828125,4918.41259765625
11,4927.4365234375,4916.6171875
12,4926.04541015625,4914.95458984375
