,n_obs,hgv_overlap,pcr_unintegrated,pcr_integrated,traject_conversation,graph_connectivity_unintegrated,graph_connectivity_integrated,silhouette_unintegrated,silhouette_integrated,silhouette_batch_unintegrated,silhouette_batch_integrated,ASW_unintegrated,iLISI_integrated,iso_labels_unintegrated
0,100000,0.5972702702702702,0.10936700661482376,0.04956614055001367,0.5916845753624722,0.6813737937118542,0.4740194388231543,0.3408406595052692,0.415250726044178,0.6655240725473073,0.7432498706284931,0.5,0.10987025968269037,0.003433851886878586
