,train_loss,val_loss
0,2844.36669921875,2767.87451171875
1,2763.414306640625,2740.53564453125
2,2747.139892578125,2730.056396484375
3,2739.27783203125,2724.170166015625
4,2734.44091796875,2719.945556640625
5,2731.116455078125,2717.4208984375
6,2728.625,2715.27734375
7,2726.721435546875,2713.29248046875
8,2725.096435546875,2712.4111328125
9,2723.879638671875,2711.0595703125
10,2722.66943359375,2710.15576171875
11,2721.856201171875,2709.408203125
12,2720.98828125,2708.89013671875
