,train_recon_loss,val_recon_loss
0,2844.36669921875,2767.87451171875
1,2762.8828125,2740.06005859375
2,2746.333740234375,2729.314208984375
3,2738.236328125,2723.19482421875
4,2733.178466796875,2718.771484375
5,2729.677978515625,2716.05078125
6,2727.025634765625,2713.78857421875
7,2724.99365234375,2711.685546875
8,2723.268798828125,2710.69091796875
9,2721.962890625,2709.259521484375
10,2720.686767578125,2708.2890625
11,2719.78564453125,2707.4541015625
12,2718.84375,2706.8623046875
