,train_elbo,val_elbo
0,922.734375,968.712890625
1,862.0453491210938,832.26708984375
2,807.92919921875,793.9822998046875
3,786.08251953125,774.1801147460938
4,770.6385498046875,759.169921875
5,758.0759887695312,747.2177734375
6,748.43017578125,737.685791015625
7,739.02880859375,729.101806640625
8,732.6798095703125,724.3734130859375
9,727.2425537109375,718.44189453125
10,722.8505249023438,715.535888671875
11,720.2941284179688,713.2573852539062
12,717.9594116210938,710.7988891601562
