,train_elbo,val_elbo
0,5328.12939453125,5280.92236328125
1,5217.50048828125,5181.6318359375
2,5147.85302734375,5127.71484375
3,5116.83349609375,5105.18359375
4,5100.19384765625,5090.0
5,5087.3037109375,5077.17578125
6,5076.953125,5064.69091796875
7,5068.67138671875,5058.06005859375
8,5061.9375,5059.65380859375
9,5056.22412109375,5050.3623046875
10,5051.3017578125,5045.83935546875
11,5046.94775390625,5042.419921875
12,5043.15625,5038.9482421875
