,train_loss,val_loss
0,5041.1787109375,4941.27880859375
1,4936.201171875,4916.90869140625
2,4920.24658203125,4907.029296875
3,4912.35107421875,4903.39990234375
4,4907.40185546875,4899.24853515625
5,4903.9150390625,4896.6728515625
6,4901.2265625,4895.53271484375
7,4899.1826171875,4894.3916015625
8,4897.529296875,4893.0146484375
9,4896.26416015625,4892.32470703125
10,4895.2431640625,4891.68408203125
11,4894.2421875,4891.1455078125
12,4893.47900390625,4891.46630859375
