,train_recon_loss,val_recon_loss
0,5041.1787109375,4941.27880859375
1,4935.505859375,4916.24755859375
2,4919.1064453125,4905.9130859375
3,4910.8115234375,4901.8740234375
4,4905.451171875,4897.318359375
5,4901.5888671875,4894.3916015625
6,4898.5498046875,4892.95166015625
7,4896.16845703125,4891.4765625
8,4894.1796875,4889.61328125
9,4892.58349609375,4888.6884765625
10,4891.2431640625,4887.728515625
11,4889.9296875,4886.86865234375
12,4888.85595703125,4886.90478515625
