,n_obs,ASW_integrated,cLISI_unintegrated,cLISI_integrated,iLISI_unintegrated
0,10000,0.4911723716982773,0.9832238678285516,0.978382665812856,0.1033594185608262
