,n_obs,hgv_overlap,pcr_unintegrated,pcr_integrated,traject_conversation,graph_connectivity_unintegrated,graph_connectivity_integrated,silhouette_unintegrated,silhouette_integrated,silhouette_batch_unintegrated,silhouette_batch_integrated,ASW_unintegrated,iLISI_integrated,iso_labels_unintegrated
0,10000,0.32989633756759407,0.13403770654634958,0.36758351991303473,0.746549796560853,0.6588977535536535,0.5238507761340581,0.30517051955751284,0.3791794925928116,0.7377199042183759,0.7958683986696538,0.4762452140820673,0.10937179193815418,0.01599113268424453
