,train_elbo,val_elbo
0,5401.62841796875,5464.1591796875
1,5267.2724609375,5203.7998046875
2,5151.74267578125,5113.81884765625
3,5099.12890625,5077.3896484375
4,5067.41552734375,5045.94970703125
5,5044.75048828125,5032.45166015625
6,5028.822265625,5013.18017578125
7,5015.6494140625,5004.2294921875
8,5006.40576171875,4997.0546875
9,4998.8564453125,4989.11181640625
10,4992.53955078125,4984.357421875
11,4986.8095703125,4978.93359375
12,4982.224609375,4975.634765625
