,train_loss,val_loss
0,5086.43701171875,4975.68115234375
1,4968.42431640625,4942.9951171875
2,4945.5947265625,4929.044921875
3,4933.3388671875,4921.2763671875
4,4925.3193359375,4914.0703125
5,4919.5341796875,4911.76708984375
6,4915.11279296875,4906.3408203125
7,4911.6435546875,4904.298828125
8,4908.74951171875,4902.42822265625
9,4906.36962890625,4900.4697265625
10,4904.23583984375,4898.69775390625
11,4902.3623046875,4897.34912109375
12,4900.81591796875,4896.57470703125
