,train_recon_loss,val_recon_loss
0,5086.43701171875,4975.68115234375
1,4967.677734375,4942.33837890625
2,4944.55908203125,4928.1220703125
3,4932.08544921875,4920.095703125
4,4923.8818359375,4912.73828125
5,4917.9599609375,4910.23876953125
6,4913.38037109375,4904.71337890625
7,4909.78955078125,4902.51953125
8,4906.7578125,4900.49755859375
9,4904.236328125,4898.42822265625
10,4901.95849609375,4896.501953125
11,4899.9775390625,4895.0439453125
12,4898.29296875,4894.125
