,train_loss,val_loss
0,662.01953125,633.2667846679688
1,631.5321655273438,625.42578125
2,624.9857177734375,621.9005126953125
3,621.232666015625,619.7433471679688
4,618.718017578125,618.1544189453125
5,616.8501586914062,617.3189086914062
6,615.3753051757812,616.327880859375
7,614.240234375,615.9907836914062
8,613.330078125,615.8356323242188
9,612.6298828125,615.6187133789062
10,612.0043334960938,615.6331787109375
11,611.507080078125,615.5809326171875
12,611.1238403320312,615.53759765625
