,train_elbo,val_elbo
0,3318.489501953125,3573.783935546875
1,3057.986083984375,2971.636962890625
2,2902.662353515625,2864.667724609375
3,2843.273681640625,2823.124755859375
4,2810.365966796875,2795.93310546875
5,2790.32666015625,2779.748046875
6,2776.107177734375,2769.034912109375
7,2766.2578125,2760.290771484375
8,2757.869140625,2753.74462890625
9,2750.21484375,2747.019287109375
10,2742.673828125,2741.02197265625
11,2736.20166015625,2735.652587890625
12,2732.4248046875,2732.598876953125
