,train_loss,val_loss
0,2780.491943359375,2714.947265625
1,2708.1025390625,2689.25
2,2689.612060546875,2678.961669921875
3,2679.457763671875,2671.51171875
4,2672.628173828125,2666.97802734375
5,2667.7578125,2663.835693359375
6,2663.88818359375,2661.327392578125
7,2660.796142578125,2659.123046875
8,2658.1689453125,2657.670166015625
9,2656.036865234375,2656.3427734375
10,2654.081787109375,2655.23486328125
11,2652.517333984375,2655.35693359375
12,2651.626953125,2655.3544921875
