,train_recon_loss,val_recon_loss
0,2780.491943359375,2714.947265625
1,2707.222412109375,2688.54443359375
2,2688.54052734375,2678.028076171875
3,2678.214111328125,2670.365478515625
4,2671.226318359375,2665.67724609375
5,2666.203125,2662.369873046875
6,2662.185546875,2659.685302734375
7,2658.91796875,2657.322998046875
8,2656.1337890625,2655.709228515625
9,2653.8642578125,2654.25537109375
10,2651.81201171875,2653.033203125
11,2650.149658203125,2653.08544921875
12,2649.1259765625,2652.966064453125
