,train_elbo,val_elbo
0,3652.9130859375,3462.40869140625
1,3132.28662109375,3065.224853515625
2,2964.70458984375,2915.1923828125
3,2880.238037109375,2858.01611328125
4,2838.889892578125,2828.42431640625
5,2815.614013671875,2811.103759765625
6,2799.896484375,2800.9921875
7,2789.4169921875,2794.916748046875
8,2781.44384765625,2787.948974609375
9,2775.319091796875,2787.716552734375
10,2771.8935546875,2781.2900390625
11,2766.2255859375,2777.966796875
12,2762.3837890625,2775.873779296875
