,train_loss,val_loss
0,2762.68408203125,2687.66748046875
1,2675.7705078125,2659.625732421875
2,2656.637451171875,2651.422119140625
3,2646.45068359375,2644.03466796875
4,2639.672607421875,2641.37451171875
5,2634.8388671875,2639.55517578125
6,2630.888671875,2638.68408203125
7,2627.922119140625,2637.25244140625
8,2625.427978515625,2636.724853515625
9,2623.269287109375,2641.2890625
10,2622.44677734375,2636.17431640625
11,2620.155029296875,2636.196533203125
12,2618.757568359375,2636.81787109375
