,train_elbo,val_elbo
0,3040.820556640625,3009.8564453125
1,2977.015869140625,2938.0400390625
2,2927.2685546875,2898.59423828125
3,2897.330078125,2872.49755859375
4,2879.744384765625,2855.740966796875
5,2867.985595703125,2847.74951171875
6,2860.16162109375,2838.19384765625
7,2853.49072265625,2832.993408203125
8,2848.01171875,2827.9013671875
9,2843.39208984375,2823.355712890625
10,2839.002685546875,2818.68603515625
11,2835.021484375,2815.4541015625
12,2831.231689453125,2812.536376953125
