,train_loss,val_loss
0,2823.15478515625,2745.7724609375
1,2745.515869140625,2724.27587890625
2,2732.51953125,2715.53662109375
3,2726.29296875,2710.6748046875
4,2722.624755859375,2707.41748046875
5,2720.143310546875,2705.588134765625
6,2718.418701171875,2703.87060546875
7,2717.016357421875,2702.64404296875
8,2716.015380859375,2701.76123046875
9,2715.181884765625,2701.107421875
10,2714.523193359375,2700.650634765625
11,2713.971435546875,2699.95166015625
12,2713.54833984375,2699.744384765625
