,train_recon_loss,val_recon_loss
0,2823.15478515625,2745.7724609375
1,2744.934814453125,2723.742919921875
2,2731.541015625,2714.617919921875
3,2724.99853515625,2709.4521484375
4,2721.041259765625,2705.91796875
5,2718.272705078125,2703.7861328125
6,2716.2587890625,2701.826904296875
7,2714.578369140625,2700.322021484375
8,2713.315673828125,2699.18603515625
9,2712.231201171875,2698.29638671875
10,2711.33203125,2697.6279296875
11,2710.5498046875,2696.685546875
12,2709.907958984375,2696.25634765625
