,n_obs,ASW_integrated,cLISI_unintegrated,cLISI_integrated,iLISI_unintegrated
0,500000,0.6618117392063141,0.9943914939366039,0.9847710578817372,0.08295611012638769
