,n_obs,hgv_overlap,pcr_unintegrated,pcr_integrated,traject_conversation,graph_connectivity_unintegrated,graph_connectivity_integrated,silhouette_unintegrated,silhouette_integrated,silhouette_batch_unintegrated,silhouette_batch_integrated,ASW_unintegrated,iLISI_integrated,iso_labels_unintegrated
0,500000,0.6004582186977396,0.13767933864046447,0.2100231114333014,0.779492558319695,0.7487667741393232,0.4352098951170358,0.35531310061863575,0.3852028548717499,0.6436766687252503,0.7015990111410821,0.47786418444334755,0.1002629949317511,0.000897305286961028
